Workbook

Sheet Cleaned Ocean Waste Data
A1: Year | B1: Plastic Waste (MT) | C1: Fishing Waste (MT) | D1: Other Waste (MT) | E1: Waste Collected (MT) | F1: Waste Recycled (MT) | G1: Ocean Waste (MT) | H1: Management Efficiency (%) | I1: Total Waste Generated (MT) | J1: Expected Ocean Waste (MT) | K1: Reporting Gap (MT) | L1: Collection Rate (%) | M1: Recycling Rate (% of Collected) | N1: Ocean Waste YoY Change (%) | O1: Plastic Share of Generated (%) | P1: Era
A2: 1900 | B2: 0 | C2: 0.01 | D2: 0.1 | E2: 0 | F2: 0 | G2: 0.11 | H2: 1 | I2: =B2+C2+D2 -> 0.11 | J2: =I2-E2 -> 0.11 | K2: =G2-J2 -> 0 | L2: =IF(I2=0,0,E2/I2*100) -> 0 | M2: =IF(E2=0,0,F2/E2*100) -> 0 | O2: =IF(I2=0,0,B2/I2*100) -> 0 | P2: =IF(A2<1950,"Pre-plastic (1900-1949)",IF(A2<1990,"Plastic boom (1950-1989)","Modern (1990-2026)")) -> Pre-plastic (1900-1949)
A3: 1901 | B3: 0 | C3: 0.01 | D3: 0.11 | E3: 0 | F3: 0 | G3: 0.12 | H3: 1 | I3: =B3+C3+D3 -> 0.12 | J3: =I3-E3 -> 0.12 | K3: =G3-J3 -> 0 | L3: =IF(I3=0,0,E3/I3*100) -> 0 | M3: =IF(E3=0,0,F3/E3*100) -> 0 | N3: =IF(G2=0,0,(G3-G2)/G2*100) -> 9.0909091 | O3: =IF(I3=0,0,B3/I3*100) -> 0 | P3: =IF(A3<1950,"Pre-plastic (1900-1949)",IF(A3<1990,"Plastic boom (1950-1989)","Modern (1990-2026)")) -> Pre-plastic (1900-1949)
A4: 1902 | B4: 0 | C4: 0.01 | D4: 0.12 | E4: 0 | F4: 0 | G4: 0.13 | H4: 1 | I4: =B4+C4+D4 -> 0.13 | J4: =I4-E4 -> 0.13 | K4: =G4-J4 -> 0 | L4: =IF(I4=0,0,E4/I4*100) -> 0 | M4: =IF(E4=0,0,F4/E4*100) -> 0 | N4: =IF(G3=0,0,(G4-G3)/G3*100) -> 8.3333333 | O4: =IF(I4=0,0,B4/I4*100) -> 0 | P4: =IF(A4<1950,"Pre-plastic (1900-1949)",IF(A4<1990,"Plastic boom (1950-1989)","Modern (1990-2026)")) -> Pre-plastic (1900-1949)
A5: 1903 | B5: 0 | C5: 0.01 | D5: 0.12 | E5: 0.01 | F5: 0 | G5: 0.12 | H5: 1 | I5: =B5+C5+D5 -> 0.13 | J5: =I5-E5 -> 0.12 | K5: =G5-J5 -> 0 | L5: =IF(I5=0,0,E5/I5*100) -> 7.6923077 | M5: =IF(E5=0,0,F5/E5*100) -> 0 | N5: =IF(G4=0,0,(G5-G4)/G4*100) -> -7.6923077 | O5: =IF(I5=0,0,B5/I5*100) -> 0 | P5: =IF(A5<1950,"Pre-plastic (1900-1949)",IF(A5<1990,"Plastic boom (1950-1989)","Modern (1990-2026)")) -> Pre-plastic (1900-1949)
A6: 1904 | B6: 0 | C6: 0.01 | D6: 0.13 | E6: 0.01 | F6: 0 | G6: 0.13 | H6: 1 | I6: =B6+C6+D6 -> 0.14 | J6: =I6-E6 -> 0.13 | K6: =G6-J6 -> 0 | L6: =IF(I6=0,0,E6/I6*100) -> 7.1428571 | M6: =IF(E6=0,0,F6/E6*100) -> 0 | N6: =IF(G5=0,0,(G6-G5)/G5*100) -> 8.3333333 | O6: =IF(I6=0,0,B6/I6*100) -> 0 | P6: =IF(A6<1950,"Pre-plastic (1900-1949)",IF(A6<1990,"Plastic boom (1950-1989)","Modern (1990-2026)")) -> Pre-plastic (1900-1949)
A7: 1905 | B7: 0 | C7: 0.02 | D7: 0.14 | E7: 0.01 | F7: 0 | G7: 0.15 | H7: 2 | I7: =B7+C7+D7 -> 0.16 | J7: =I7-E7 -> 0.15 | K7: =G7-J7 -> 0 | L7: =IF(I7=0,0,E7/I7*100) -> 6.25 | M7: =IF(E7=0,0,F7/E7*100) -> 0 | N7: =IF(G6=0,0,(G7-G6)/G6*100) -> 15.384615 | O7: =IF(I7=0,0,B7/I7*100) -> 0 | P7: =IF(A7<1950,"Pre-plastic (1900-1949)",IF(A7<1990,"Plastic boom (1950-1989)","Modern (1990-2026)")) -> Pre-plastic (1900-1949)
A8: 1906 | B8: 0 | C8: 0.02 | D8: 0.15 | E8: 0.01 | F8: 0 | G8: 0.16 | H8: 2 | I8: =B8+C8+D8 -> 0.17 | J8: =I8-E8 -> 0.16 | K8: =G8-J8 -> 0 | L8: =IF(I8=0,0,E8/I8*100) -> 5.8823529 | M8: =IF(E8=0,0,F8/E8*100) -> 0 | N8: =IF(G7=0,0,(G8-G7)/G7*100) -> 6.6666667 | O8: =IF(I8=0,0,B8/I8*100) -> 0 | P8: =IF(A8<1950,"Pre-plastic (1900-1949)",IF(A8<1990,"Plastic boom (1950-1989)","Modern (1990-2026)")) -> Pre-plastic (1900-1949)
A9: 1907 | B9: 0 | C9: 0.02 | D9: 0.16 | E9: 0.02 | F9: 0 | G9: 0.16 | H9: 2 | I9: =B9+C9+D9 -> 0.18 | J9: =I9-E9 -> 0.16 | K9: =G9-J9 -> 0 | L9: =IF(I9=0,0,E9/I9*100) -> 11.111111 | M9: =IF(E9=0,0,F9/E9*100) -> 0 | N9: =IF(G8=0,0,(G9-G8)/G8*100) -> 0 | O9: =IF(I9=0,0,B9/I9*100) -> 0 | P9: =IF(A9<1950,"Pre-plastic (1900-1949)",IF(A9<1990,"Plastic boom (1950-1989)","Modern (1990-2026)")) -> Pre-plastic (1900-1949)
A10: 1908 | B10: 0 | C10: 0.02 | D10: 0.17 | E10: 0.02 | F10: 0 | G10: 0.17 | H10: 2 | I10: =B10+C10+D10 -> 0.19 | J10: =I10-E10 -> 0.17 | K10: =G10-J10 -> 0 | L10: =IF(I10=0,0,E10/I10*100) -> 10.526316 | M10: =IF(E10=0,0,F10/E10*100) -> 0 | N10: =IF(G9=0,0,(G10-G9)/G9*100) -> 6.25 | O10: =IF(I10=0,0,B10/I10*100) -> 0 | P10: =IF(A10<1950,"Pre-plastic (1900-1949)",IF(A10<1990,"Plastic boom (1950-1989)","Modern (1990-2026)")) -> Pre-plastic (1900-1949)
A11: 1909 | B11: 0 | C11: 0.02 | D11: 0.17 | E11: 0.02 | F11: 0 | G11: 0.17 | H11: 2 | I11: =B11+C11+D11 -> 0.19 | J11: =I11-E11 -> 0.17 | K11: =G11-J11 -> 0 | L11: =IF(I11=0,0,E11/I11*100) -> 10.526316 | M11: =IF(E11=0,0,F11/E11*100) -> 0 | N11: =IF(G10=0,0,(G11-G10)/G10*100) -> 0 | O11: =IF(I11=0,0,B11/I11*100) -> 0 | P11: =IF(A11<1950,"Pre-plastic (1900-1949)",IF(A11<1990,"Plastic boom (1950-1989)","Modern (1990-2026)")) -> Pre-plastic (1900-1949)
A12: 1910 | B12: 0 | C12: 0.02 | D12: 0.18 | E12: 0.02 | F12: 0 | G12: 0.18 | H12: 2 | I12: =B12+C12+D12 -> 0.2 | J12: =I12-E12 -> 0.18 | K12: =G12-J12 -> 0 | L12: =IF(I12=0,0,E12/I12*100) -> 10 | M12: =IF(E12=0,0,F12/E12*100) -> 0 | N12: =IF(G11=0,0,(G12-G11)/G11*100) -> 5.8823529 | O12: =IF(I12=0,0,B12/I12*100) -> 0 | P12: =IF(A12<1950,"Pre-plastic (1900-1949)",IF(A12<1990,"Plastic boom (1950-1989)","Modern (1990-2026)")) -> Pre-plastic (1900-1949)
A13: 1911 | B13: 0 | C13: 0.02 | D13: 0.19 | E13: 0.03 | F13: 0 | G13: 0.18 | H13: 2 | I13: =B13+C13+D13 -> 0.21 | J13: =I13-E13 -> 0.18 | K13: =G13-J13 -> 0 | L13: =IF(I13=0,0,E13/I13*100) -> 14.285714 | M13: =IF(E13=0,0,F13/E13*100) -> 0 | N13: =IF(G12=0,0,(G13-G12)/G12*100) -> 0 | O13: =IF(I13=0,0,B13/I13*100) -> 0 | P13: =IF(A13<1950,"Pre-plastic (1900-1949)",IF(A13<1990,"Plastic boom (1950-1989)","Modern (1990-2026)")) -> Pre-plastic (1900-1949)
A14: 1912 | B14: 0 | C14: 0.02 | D14: 0.2 | E14: 0.03 | F14: 0 | G14: 0.19 | H14: 2 | I14: =B14+C14+D14 -> 0.22 | J14: =I14-E14 -> 0.19 | K14: =G14-J14 -> 0 | L14: =IF(I14=0,0,E14/I14*100) -> 13.636364 | M14: =IF(E14=0,0,F14/E14*100) -> 0 | N14: =IF(G13=0,0,(G14-G13)/G13*100) -> 5.5555556 | O14: =IF(I14=0,0,B14/I14*100) -> 0 | P14: =IF(A14<1950,"Pre-plastic (1900-1949)",IF(A14<1990,"Plastic boom (1950-1989)","Modern (1990-2026)")) -> Pre-plastic (1900-1949)
... A128: 2026 | B128: 16 | C128: 1.12 | D128: 3.1 | E128: 3.55 | F128: 1.47 | G128: 16.67 | H128: 40 | I128: =B128+C128+D128 -> 20.22 | J128: =I128-E128 -> 16.67 | K128: =G128-J128 -> 0 | L128: =IF(I128=0,0,E128/I128*100) -> 17.556874 | M128: =IF(E128=0,0,F128/E128*100) -> 41.408451 | N128: =IF(G127=0,0,(G128-G127)/G127*100) -> -5.4988662 | O128: =IF(I128=0,0,B128/I128*100) -> 79.129575 | P128: =IF(A128<1950,"Pre-plastic (1900-1949)",IF(A128<1990,"Plastic boom (1950-1989)","Modern (1990-2026)")) -> Modern (1990-2026)

Sheet Visualizations
A1: Ocean Waste Data - Visualizations (1900-2026)
A2: All charts are linked to the data sheet and update automatically if the data changes.

Sheet Summary Statistics
A1: Summary Statistics (1900-2026)
A3: Metric | B3: Mean | C3: Median | D3: Std Dev | E3: Min | F3: Max | G3: Peak Year | H3: Total 1900-2026 | I3: Corr. with Ocean Waste
A4: Plastic Waste (MT) | B4: =AVERAGE('Cleaned Ocean Waste Data'!$B$2:$B$128) -> 2.7255906 | C4: =MEDIAN('Cleaned Ocean Waste Data'!$B$2:$B$128) -> 0.5 | D4: =STDEV('Cleaned Ocean Waste Data'!$B$2:$B$128) -> 4.2163769 | E4: =MIN('Cleaned Ocean Waste Data'!$B$2:$B$128) -> 0 | F4: =MAX('Cleaned Ocean Waste Data'!$B$2:$B$128) -> 16 | G4: =INDEX('Cleaned Ocean Waste Data'!$A$2:$A$128,MATCH(F4,'Cleaned Ocean Waste Data'!$B$2:$B$128,0)) -> 2026 | H4: =SUM('Cleaned Ocean Waste Data'!$B$2:$B$128) -> 346.15 | I4: =CORREL('Cleaned Ocean Waste Data'!$B$2:$B$128,'Cleaned Ocean Waste Data'!$G$2:$G$128) -> 0.99881504
A5: Fishing Waste (MT) | B5: =AVERAGE('Cleaned Ocean Waste Data'!$C$2:$C$128) -> 0.23669291 | C5: =MEDIAN('Cleaned Ocean Waste Data'!$C$2:$C$128) -> 0.07 | D5: =STDEV('Cleaned Ocean Waste Data'!$C$2:$C$128) -> 0.3062965 | E5: =MIN('Cleaned Ocean Waste Data'!$C$2:$C$128) -> 0.01 | F5: =MAX('Cleaned Ocean Waste Data'!$C$2:$C$128) -> 1.12 | G5: =INDEX('Cleaned Ocean Waste Data'!$A$2:$A$128,MATCH(F5,'Cleaned Ocean Waste Data'!$C$2:$C$128,0)) -> 2026 | H5: =SUM('Cleaned Ocean Waste Data'!$C$2:$C$128) -> 30.06 | I5: =CORREL('Cleaned Ocean Waste Data'!$C$2:$C$128,'Cleaned Ocean Waste Data'!$G$2:$G$128) -> 0.99631785
A6: Other Waste (MT) | B6: =AVERAGE('Cleaned Ocean Waste Data'!$D$2:$D$128) -> 0.98937008 | C6: =MEDIAN('Cleaned Ocean Waste Data'!$D$2:$D$128) -> 0.62 | D6: =STDEV('Cleaned Ocean Waste Data'!$D$2:$D$128) -> 0.86078199 | E6: =MIN('Cleaned Ocean Waste Data'!$D$2:$D$128) -> 0.1 | F6: =MAX('Cleaned Ocean Waste Data'!$D$2:$D$128) -> 3.1 | G6: =INDEX('Cleaned Ocean Waste Data'!$A$2:$A$128,MATCH(F6,'Cleaned Ocean Waste Data'!$D$2:$D$128,0)) -> 2026 | H6: =SUM('Cleaned Ocean Waste Data'!$D$2:$D$128) -> 125.65 | I6: =CORREL('Cleaned Ocean Waste Data'!$D$2:$D$128,'Cleaned Ocean Waste Data'!$G$2:$G$128) -> 0.97843482
A7: Waste Collected (MT) | B7: =AVERAGE('Cleaned Ocean Waste Data'!$E$2:$E$128) -> 0.63519685 | C7: =MEDIAN('Cleaned Ocean Waste Data'!$E$2:$E$128) -> 0.14 | D7: =STDEV('Cleaned Ocean Waste Data'!$E$2:$E$128) -> 0.92360392 | E7: =MIN('Cleaned Ocean Waste Data'!$E$2:$E$128) -> 0 | F7: =MAX('Cleaned Ocean Waste Data'!$E$2:$E$128) -> 3.55 | G7: =INDEX('Cleaned Ocean Waste Data'!$A$2:$A$128,MATCH(F7,'Cleaned Ocean Waste Data'!$E$2:$E$128,0)) -> 2026 | H7: =SUM('Cleaned Ocean Waste Data'!$E$2:$E$128) -> 80.67 | I7: =CORREL('Cleaned Ocean Waste Data'!$E$2:$E$128,'Cleaned Ocean Waste Data'!$G$2:$G$128) -> 0.99702515
A8: Waste Recycled (MT) | B8: =AVERAGE('Cleaned Ocean Waste Data'!$F$2:$F$128) -> 0.21433071 | C8: =MEDIAN('Cleaned Ocean Waste Data'!$F$2:$F$128) -> 0 | D8: =STDEV('Cleaned Ocean Waste Data'!$F$2:$F$128) -> 0.37662577 | E8: =MIN('Cleaned Ocean Waste Data'!$F$2:$F$128) -> 0 | F8: =MAX('Cleaned Ocean Waste Data'!$F$2:$F$128) -> 1.47 | G8: =INDEX('Cleaned Ocean Waste Data'!$A$2:$A$128,MATCH(F8,'Cleaned Ocean Waste Data'!$F$2:$F$128,0)) -> 2026 | H8: =SUM('Cleaned Ocean Waste Data'!$F$2:$F$128) -> 27.22 | I8: =CORREL('Cleaned Ocean Waste Data'!$F$2:$F$128,'Cleaned Ocean Waste Data'!$G$2:$G$128) -> 0.99000574
A9: Ocean Waste (MT) | B9: =AVERAGE('Cleaned Ocean Waste Data'!$G$2:$G$128) -> 3.3548031 | C9: =MEDIAN('Cleaned Ocean Waste Data'!$G$2:$G$128) -> 1.05 | D9: =STDEV('Cleaned Ocean Waste Data'!$G$2:$G$128) -> 4.5524321 | E9: =MIN('Cleaned Ocean Waste Data'!$G$2:$G$128) -> 0.11 | F9: =MAX('Cleaned Ocean Waste Data'!$G$2:$G$128) -> 17.64 | G9: =INDEX('Cleaned Ocean Waste Data'!$A$2:$A$128,MATCH(F9,'Cleaned Ocean Waste Data'!$G$2:$G$128,0)) -> 2025 | H9: =SUM('Cleaned Ocean Waste Data'!$G$2:$G$128) -> 426.06 | I9: =CORREL('Cleaned Ocean Waste Data'!$G$2:$G$128,'Cleaned Ocean Waste Data'!$G$2:$G$128) -> 1
A10: Management Efficiency (%) | B10: =AVERAGE('Cleaned Ocean Waste Data'!$H$2:$H$128) -> 12.299213 | C10: =MEDIAN('Cleaned Ocean Waste Data'!$H$2:$H$128) -> 7 | D10: =STDEV('Cleaned Ocean Waste Data'!$H$2:$H$128) -> 11.102206 | E10: =MIN('Cleaned Ocean Waste Data'!$H$2:$H$128) -> 1 | F10: =MAX('Cleaned Ocean Waste Data'!$H$2:$H$128) -> 40 | G10: =INDEX('Cleaned Ocean Waste Data'!$A$2:$A$128,MATCH(F10,'Cleaned Ocean Waste Data'!$H$2:$H$128,0)) -> 2026 | H10: n/a | I10: =CORREL('Cleaned Ocean Waste Data'!$H$2:$H$128,'Cleaned Ocean Waste Data'!$G$2:$G$128) -> 0.97784979
A11: Total Waste Generated (MT) | B11: =AVERAGE('Cleaned Ocean Waste Data'!$I$2:$I$128) -> 3.9516535 | C11: =MEDIAN('Cleaned Ocean Waste Data'!$I$2:$I$128) -> 1.19 | D11: =STDEV('Cleaned Ocean Waste Data'!$I$2:$I$128) -> 5.3632663 | E11: =MIN('Cleaned Ocean Waste Data'!$I$2:$I$128) -> 0.11 | F11: =MAX('Cleaned Ocean Waste Data'!$I$2:$I$128) -> 20.22 | G11: =INDEX('Cleaned Ocean Waste Data'!$A$2:$A$128,MATCH(F11,'Cleaned Ocean Waste Data'!$I$2:$I$128,0)) -> 2026 | H11: =SUM('Cleaned Ocean Waste Data'!$I$2:$I$128) -> 501.86 | I11: =CORREL('Cleaned Ocean Waste Data'!$I$2:$I$128,'Cleaned Ocean Waste Data'!$G$2:$G$128) -> 0.99916136
A12: Collection Rate (%) | B12: =AVERAGE('Cleaned Ocean Waste Data'!$L$2:$L$128) -> 14.533119 | C12: =MEDIAN('Cleaned Ocean Waste Data'!$L$2:$L$128) -> 15.789474 | D12: =STDEV('Cleaned Ocean Waste Data'!$L$2:$L$128) -> 3.9713488 | E12: =MIN('Cleaned Ocean Waste Data'!$L$2:$L$128) -> 0 | F12: =MAX('Cleaned Ocean Waste Data'!$L$2:$L$128) -> 20 | G12: =INDEX('Cleaned Ocean Waste Data'!$A$2:$A$128,MATCH(F12,'Cleaned Ocean Waste Data'!$L$2:$L$128,0)) -> 1942 | H12: n/a | I12: =CORREL('Cleaned Ocean Waste Data'!$L$2:$L$128,'Cleaned Ocean Waste Data'!$G$2:$G$128) -> 0.28179798

Sheet Decade Analysis
A1: Decade-wise Averages
A3: Decade | B3: Years in Data | C3: Avg Plastic (MT) | D3: Avg Fishing (MT) | E3: Avg Other (MT) | F3: Avg Collected (MT) | G3: Avg Recycled (MT) | H3: Avg Ocean Waste (MT) | I3: Avg Mgmt Efficiency (%) | J3: Avg Collection Rate (%) | K3: Ocean Waste Change vs Prev Decade (%)
A4: 1900 | B4: =COUNTIFS('Cleaned Ocean Waste Data'!$A$2:$A$128,">="&$A4,'Cleaned Ocean Waste Data'!$A$2:$A$128,"<"&($A4+10)) -> 10 | C4: =AVERAGEIFS('Cleaned Ocean Waste Data'!$B$2:$B$128,'Cleaned Ocean Waste Data'!$A$2:$A$128,">="&$A4,'Cleaned Ocean Waste Data'!$A$2:$A$128,"<"&($A4+10)) -> 0 | D4: =AVERAGEIFS('Cleaned Ocean Waste Data'!$C$2:$C$128,'Cleaned Ocean Waste Data'!$A$2:$A$128,">="&$A4,'Cleaned Ocean Waste Data'!$A$2:$A$128,"<"&($A4+10)) -> 0.015 | E4: =AVERAGEIFS('Cleaned Ocean Waste Data'!$D$2:$D$128,'Cleaned Ocean Waste Data'!$A$2:$A$128,">="&$A4,'Cleaned Ocean Waste Data'!$A$2:$A$128,"<"&($A4+10)) -> 0.137 | F4: =AVERAGEIFS('Cleaned Ocean Waste Data'!$E$2:$E$128,'Cleaned Ocean Waste Data'!$A$2:$A$128,">="&$A4,'Cleaned Ocean Waste Data'!$A$2:$A$128,"<"&($A4+10)) -> 0.01 | G4: =AVERAGEIFS('Cleaned Ocean Waste Data'!$F$2:$F$128,'Cleaned Ocean Waste Data'!$A$2:$A$128,">="&$A4,'Cleaned Ocean Waste Data'!$A$2:$A$128,"<"&($A4+10)) -> 0 | H4: =AVERAGEIFS('Cleaned Ocean Waste Data'!$G$2:$G$128,'Cleaned Ocean Waste Data'!$A$2:$A$128,">="&$A4,'Cleaned Ocean Waste Data'!$A$2:$A$128,"<"&($A4+10)) -> 0.142 | I4: =AVERAGEIFS('Cleaned Ocean Waste Data'!$H$2:$H$128,'Cleaned Ocean Waste Data'!$A$2:$A$128,">="&$A4,'Cleaned Ocean Waste Data'!$A$2:$A$128,"<"&($A4+10)) -> 1.5 | J4: =AVERAGEIFS('Cleaned Ocean Waste Data'!$L$2:$L$128,'Cleaned Ocean Waste Data'!$A$2:$A$128,">="&$A4,'Cleaned Ocean Waste Data'!$A$2:$A$128,"<"&($A4+10)) -> 5.913126
A5: 1910 | B5: =COUNTIFS('Cleaned Ocean Waste Data'!$A$2:$A$128,">="&$A5,'Cleaned Ocean Waste Data'!$A$2:$A$128,"<"&($A5+10)) -> 10 | C5: =AVERAGEIFS('Cleaned Ocean Waste Data'!$B$2:$B$128,'Cleaned Ocean Waste Data'!$A$2:$A$128,">="&$A5,'Cleaned Ocean Waste Data'!$A$2:$A$128,"<"&($A5+10)) -> 0 | D5: =AVERAGEIFS('Cleaned Ocean Waste Data'!$C$2:$C$128,'Cleaned Ocean Waste Data'!$A$2:$A$128,">="&$A5,'Cleaned Ocean Waste Data'!$A$2:$A$128,"<"&($A5+10)) -> 0.025 | E5: =AVERAGEIFS('Cleaned Ocean Waste Data'!$D$2:$D$128,'Cleaned Ocean Waste Data'!$A$2:$A$128,">="&$A5,'Cleaned Ocean Waste Data'!$A$2:$A$128,"<"&($A5+10)) -> 0.22 | F5: =AVERAGEIFS('Cleaned Ocean Waste Data'!$E$2:$E$128,'Cleaned Ocean Waste Data'!$A$2:$A$128,">="&$A5,'Cleaned Ocean Waste Data'!$A$2:$A$128,"<"&($A5+10)) -> 0.033 | G5: =AVERAGEIFS('Cleaned Ocean Waste Data'!$F$2:$F$128,'Cleaned Ocean Waste Data'!$A$2:$A$128,">="&$A5,'Cleaned Ocean Waste Data'!$A$2:$A$128,"<"&($A5+10)) -> 0 | H5: =AVERAGEIFS('Cleaned Ocean Waste Data'!$G$2:$G$128,'Cleaned Ocean Waste Data'!$A$2:$A$128,">="&$A5,'Cleaned Ocean Waste Data'!$A$2:$A$128,"<"&($A5+10)) -> 0.212 | I5: =AVERAGEIFS('Cleaned Ocean Waste Data'!$H$2:$H$128,'Cleaned Ocean Waste Data'!$A$2:$A$128,">="&$A5,'Cleaned Ocean Waste Data'!$A$2:$A$128,"<"&($A5+10)) -> 2.5 | J5: =AVERAGEIFS('Cleaned Ocean Waste Data'!$L$2:$L$128,'Cleaned Ocean Waste Data'!$A$2:$A$128,">="&$A5,'Cleaned Ocean Waste Data'!$A$2:$A$128,"<"&($A5+10)) -> 13.37438 | K5: =IF(H4=0,0,(H5-H4)/H4*100) -> 49.295775
A6: 1920 | B6: =COUNTIFS('Cleaned Ocean Waste Data'!$A$2:$A$128,">="&$A6,'Cleaned Ocean Waste Data'!$A$2:$A$128,"<"&($A6+10)) -> 10 | C6: =AVERAGEIFS('Cleaned Ocean Waste Data'!$B$2:$B$128,'Cleaned Ocean Waste Data'!$A$2:$A$128,">="&$A6,'Cleaned Ocean Waste Data'!$A$2:$A$128,"<"&($A6+10)) -> 0 | D6: =AVERAGEIFS('Cleaned Ocean Waste Data'!$C$2:$C$128,'Cleaned Ocean Waste Data'!$A$2:$A$128,">="&$A6,'Cleaned Ocean Waste Data'!$A$2:$A$128,"<"&($A6+10)) -> 0.035 | E6: =AVERAGEIFS('Cleaned Ocean Waste Data'!$D$2:$D$128,'Cleaned Ocean Waste Data'!$A$2:$A$128,">="&$A6,'Cleaned Ocean Waste Data'!$A$2:$A$128,"<"&($A6+10)) -> 0.301 | F6: =AVERAGEIFS('Cleaned Ocean Waste Data'!$E$2:$E$128,'Cleaned Ocean Waste Data'!$A$2:$A$128,">="&$A6,'Cleaned Ocean Waste Data'!$A$2:$A$128,"<"&($A6+10)) -> 0.056 | G6: =AVERAGEIFS('Cleaned Ocean Waste Data'!$F$2:$F$128,'Cleaned Ocean Waste Data'!$A$2:$A$128,">="&$A6,'Cleaned Ocean Waste Data'!$A$2:$A$128,"<"&($A6+10)) -> 0 | H6: =AVERAGEIFS('Cleaned Ocean Waste Data'!$G$2:$G$128,'Cleaned Ocean Waste Data'!$A$2:$A$128,">="&$A6,'Cleaned Ocean Waste Data'!$A$2:$A$128,"<"&($A6+10)) -> 0.28 | I6: =AVERAGEIFS('Cleaned Ocean Waste Data'!$H$2:$H$128,'Cleaned Ocean Waste Data'!$A$2:$A$128,">="&$A6,'Cleaned Ocean Waste Data'!$A$2:$A$128,"<"&($A6+10)) -> 3.5 | J6: =AVERAGEIFS('Cleaned Ocean Waste Data'!$L$2:$L$128,'Cleaned Ocean Waste Data'!$A$2:$A$128,">="&$A6,'Cleaned Ocean Waste Data'!$A$2:$A$128,"<"&($A6+10)) -> 16.640324 | K6: =IF(H5=0,0,(H6-H5)/H5*100) -> 32.075472
A7: 1930 | B7: =COUNTIFS('Cleaned Ocean Waste Data'!$A$2:$A$128,">="&$A7,'Cleaned Ocean Waste Data'!$A$2:$A$128,"<"&($A7+10)) -> 10 | C7: =AVERAGEIFS('Cleaned Ocean Waste Data'!$B$2:$B$128,'Cleaned Ocean Waste Data'!$A$2:$A$128,">="&$A7,'Cleaned Ocean Waste Data'!$A$2:$A$128,"<"&($A7+10)) -> 0 | D7: =AVERAGEIFS('Cleaned Ocean Waste Data'!$C$2:$C$128,'Cleaned Ocean Waste Data'!$A$2:$A$128,">="&$A7,'Cleaned Ocean Waste Data'!$A$2:$A$128,"<"&($A7+10)) -> 0.045 | E7: =AVERAGEIFS('Cleaned Ocean Waste Data'!$D$2:$D$128,'Cleaned Ocean Waste Data'!$A$2:$A$128,">="&$A7,'Cleaned Ocean Waste Data'!$A$2:$A$128,"<"&($A7+10)) -> 0.384 | F7: =AVERAGEIFS('Cleaned Ocean Waste Data'!$E$2:$E$128,'Cleaned Ocean Waste Data'!$A$2:$A$128,">="&$A7,'Cleaned Ocean Waste Data'!$A$2:$A$128,"<"&($A7+10)) -> 0.079 | G7: =AVERAGEIFS('Cleaned Ocean Waste Data'!$F$2:$F$128,'Cleaned Ocean Waste Data'!$A$2:$A$128,">="&$A7,'Cleaned Ocean Waste Data'!$A$2:$A$128,"<"&($A7+10)) -> 0 | H7: =AVERAGEIFS('Cleaned Ocean Waste Data'!$G$2:$G$128,'Cleaned Ocean Waste Data'!$A$2:$A$128,">="&$A7,'Cleaned Ocean Waste Data'!$A$2:$A$128,"<"&($A7+10)) -> 0.35 | I7: =AVERAGEIFS('Cleaned Ocean Waste Data'!$H$2:$H$128,'Cleaned Ocean Waste Data'!$A$2:$A$128,">="&$A7,'Cleaned Ocean Waste Data'!$A$2:$A$128,"<"&($A7+10)) -> 4.5 | J7: =AVERAGEIFS('Cleaned Ocean Waste Data'!$L$2:$L$128,'Cleaned Ocean Waste Data'!$A$2:$A$128,">="&$A7,'Cleaned Ocean Waste Data'!$A$2:$A$128,"<"&($A7+10)) -> 18.396006 | K7: =IF(H6=0,0,(H7-H6)/H6*100) -> 25
A8: 1940 | B8: =COUNTIFS('Cleaned Ocean Waste Data'!$A$2:$A$128,">="&$A8,'Cleaned Ocean Waste Data'!$A$2:$A$128,"<"&($A8+10)) -> 10 | C8: =AVERAGEIFS('Cleaned Ocean Waste Data'!$B$2:$B$128,'Cleaned Ocean Waste Data'!$A$2:$A$128,">="&$A8,'Cleaned Ocean Waste Data'!$A$2:$A$128,"<"&($A8+10)) -> 0 | D8: =AVERAGEIFS('Cleaned Ocean Waste Data'!$C$2:$C$128,'Cleaned Ocean Waste Data'!$A$2:$A$128,">="&$A8,'Cleaned Ocean Waste Data'!$A$2:$A$128,"<"&($A8+10)) -> 0.055 | E8: =AVERAGEIFS('Cleaned Ocean Waste Data'!$D$2:$D$128,'Cleaned Ocean Waste Data'!$A$2:$A$128,">="&$A8,'Cleaned Ocean Waste Data'!$A$2:$A$128,"<"&($A8+10)) -> 0.466 | F8: =AVERAGEIFS('Cleaned Ocean Waste Data'!$E$2:$E$128,'Cleaned Ocean Waste Data'!$A$2:$A$128,">="&$A8,'Cleaned Ocean Waste Data'!$A$2:$A$128,"<"&($A8+10)) -> 0.101 | G8: =AVERAGEIFS('Cleaned Ocean Waste Data'!$F$2:$F$128,'Cleaned Ocean Waste Data'!$A$2:$A$128,">="&$A8,'Cleaned Ocean Waste Data'!$A$2:$A$128,"<"&($A8+10)) -> 0 | H8: =AVERAGEIFS('Cleaned Ocean Waste Data'!$G$2:$G$128,'Cleaned Ocean Waste Data'!$A$2:$A$128,">="&$A8,'Cleaned Ocean Waste Data'!$A$2:$A$128,"<"&($A8+10)) -> 0.42 | I8: =AVERAGEIFS('Cleaned Ocean Waste Data'!$H$2:$H$128,'Cleaned Ocean Waste Data'!$A$2:$A$128,">="&$A8,'Cleaned Ocean Waste Data'!$A$2:$A$128,"<"&($A8+10)) -> 5.5 | J8: =AVERAGEIFS('Cleaned Ocean Waste Data'!$L$2:$L$128,'Cleaned Ocean Waste Data'!$A$2:$A$128,">="&$A8,'Cleaned Ocean Waste Data'!$A$2:$A$128,"<"&($A8+10)) -> 19.375449 | K8: =IF(H7=0,0,(H8-H7)/H7*100) -> 20
A9: 1950 | B9: =COUNTIFS('Cleaned Ocean Waste Data'!$A$2:$A$128,">="&$A9,'Cleaned Ocean Waste Data'!$A$2:$A$128,"<"&($A9+10)) -> 10 | C9: =AVERAGEIFS('Cleaned Ocean Waste Data'!$B$2:$B$128,'Cleaned Ocean Waste Data'!$A$2:$A$128,">="&$A9,'Cleaned Ocean Waste Data'!$A$2:$A$128,"<"&($A9+10)) -> 0.18 | D9: =AVERAGEIFS('Cleaned Ocean Waste Data'!$C$2:$C$128,'Cleaned Ocean Waste Data'!$A$2:$A$128,">="&$A9,'Cleaned Ocean Waste Data'!$A$2:$A$128,"<"&($A9+10)) -> 0.065 | E9: =AVERAGEIFS('Cleaned Ocean Waste Data'!$D$2:$D$128,'Cleaned Ocean Waste Data'!$A$2:$A$128,">="&$A9,'Cleaned Ocean Waste Data'!$A$2:$A$128,"<"&($A9+10)) -> 0.549 | F9: =AVERAGEIFS('Cleaned Ocean Waste Data'!$E$2:$E$128,'Cleaned Ocean Waste Data'!$A$2:$A$128,">="&$A9,'Cleaned Ocean Waste Data'!$A$2:$A$128,"<"&($A9+10)) -> 0.124 | G9: =AVERAGEIFS('Cleaned Ocean Waste Data'!$F$2:$F$128,'Cleaned Ocean Waste Data'!$A$2:$A$128,">="&$A9,'Cleaned Ocean Waste Data'!$A$2:$A$128,"<"&($A9+10)) -> 0 | H9: =AVERAGEIFS('Cleaned Ocean Waste Data'!$G$2:$G$128,'Cleaned Ocean Waste Data'!$A$2:$A$128,">="&$A9,'Cleaned Ocean Waste Data'!$A$2:$A$128,"<"&($A9+10)) -> 0.67 | I9: =AVERAGEIFS('Cleaned Ocean Waste Data'!$H$2:$H$128,'Cleaned Ocean Waste Data'!$A$2:$A$128,">="&$A9,'Cleaned Ocean Waste Data'!$A$2:$A$128,"<"&($A9+10)) -> 6.5 | J9: =AVERAGEIFS('Cleaned Ocean Waste Data'!$L$2:$L$128,'Cleaned Ocean Waste Data'!$A$2:$A$128,">="&$A9,'Cleaned Ocean Waste Data'!$A$2:$A$128,"<"&($A9+10)) -> 15.961119 | K9: =IF(H8=0,0,(H9-H8)/H8*100) -> 59.52381
A10: 1960 | B10: =COUNTIFS('Cleaned Ocean Waste Data'!$A$2:$A$128,">="&$A10,'Cleaned Ocean Waste Data'!$A$2:$A$128,"<"&($A10+10)) -> 10 | C10: =AVERAGEIFS('Cleaned Ocean Waste Data'!$B$2:$B$128,'Cleaned Ocean Waste Data'!$A$2:$A$128,">="&$A10,'Cleaned Ocean Waste Data'!$A$2:$A$128,"<"&($A10+10)) -> 0.555 | D10: =AVERAGEIFS('Cleaned Ocean Waste Data'!$C$2:$C$128,'Cleaned Ocean Waste Data'!$A$2:$A$128,">="&$A10,'Cleaned Ocean Waste Data'!$A$2:$A$128,"<"&($A10+10)) -> 0.075 | E10: =AVERAGEIFS('Cleaned Ocean Waste Data'!$D$2:$D$128,'Cleaned Ocean Waste Data'!$A$2:$A$128,">="&$A10,'Cleaned Ocean Waste Data'!$A$2:$A$128,"<"&($A10+10)) -> 0.63 | F10: =AVERAGEIFS('Cleaned Ocean Waste Data'!$E$2:$E$128,'Cleaned Ocean Waste Data'!$A$2:$A$128,">="&$A10,'Cleaned Ocean Waste Data'!$A$2:$A$128,"<"&($A10+10)) -> 0.147 | G10: =AVERAGEIFS('Cleaned Ocean Waste Data'!$F$2:$F$128,'Cleaned Ocean Waste Data'!$A$2:$A$128,">="&$A10,'Cleaned Ocean Waste Data'!$A$2:$A$128,"<"&($A10+10)) -> 0.007 | H10: =AVERAGEIFS('Cleaned Ocean Waste Data'!$G$2:$G$128,'Cleaned Ocean Waste Data'!$A$2:$A$128,">="&$A10,'Cleaned Ocean Waste Data'!$A$2:$A$128,"<"&($A10+10)) -> 1.113 | I10: =AVERAGEIFS('Cleaned Ocean Waste Data'!$H$2:$H$128,'Cleaned Ocean Waste Data'!$A$2:$A$128,">="&$A10,'Cleaned Ocean Waste Data'!$A$2:$A$128,"<"&($A10+10)) -> 7.5 | J10: =AVERAGEIFS('Cleaned Ocean Waste Data'!$L$2:$L$128,'Cleaned Ocean Waste Data'!$A$2:$A$128,">="&$A10,'Cleaned Ocean Waste Data'!$A$2:$A$128,"<"&($A10+10)) -> 11.755993 | K10: =IF(H9=0,0,(H10-H9)/H9*100) -> 66.119403
A11: 1970 | B11: =COUNTIFS('Cleaned Ocean Waste Data'!$A$2:$A$128,">="&$A11,'Cleaned Ocean Waste Data'!$A$2:$A$128,"<"&($A11+10)) -> 10 | C11: =AVERAGEIFS('Cleaned Ocean Waste Data'!$B$2:$B$128,'Cleaned Ocean Waste Data'!$A$2:$A$128,">="&$A11,'Cleaned Ocean Waste Data'!$A$2:$A$128,"<"&($A11+10)) -> 0.93 | D11: =AVERAGEIFS('Cleaned Ocean Waste Data'!$C$2:$C$128,'Cleaned Ocean Waste Data'!$A$2:$A$128,">="&$A11,'Cleaned Ocean Waste Data'!$A$2:$A$128,"<"&($A11+10)) -> 0.085 | E11: =AVERAGEIFS('Cleaned Ocean Waste Data'!$D$2:$D$128,'Cleaned Ocean Waste Data'!$A$2:$A$128,">="&$A11,'Cleaned Ocean Waste Data'!$A$2:$A$128,"<"&($A11+10)) -> 0.713 | F11: =AVERAGEIFS('Cleaned Ocean Waste Data'!$E$2:$E$128,'Cleaned Ocean Waste Data'!$A$2:$A$128,">="&$A11,'Cleaned Ocean Waste Data'!$A$2:$A$128,"<"&($A11+10)) -> 0.17 | G11: =AVERAGEIFS('Cleaned Ocean Waste Data'!$F$2:$F$128,'Cleaned Ocean Waste Data'!$A$2:$A$128,">="&$A11,'Cleaned Ocean Waste Data'!$A$2:$A$128,"<"&($A11+10)) -> 0.03 | H11: =AVERAGEIFS('Cleaned Ocean Waste Data'!$G$2:$G$128,'Cleaned Ocean Waste Data'!$A$2:$A$128,">="&$A11,'Cleaned Ocean Waste Data'!$A$2:$A$128,"<"&($A11+10)) -> 1.558 | I11: =AVERAGEIFS('Cleaned Ocean Waste Data'!$H$2:$H$128,'Cleaned Ocean Waste Data'!$A$2:$A$128,">="&$A11,'Cleaned Ocean Waste Data'!$A$2:$A$128,"<"&($A11+10)) -> 8.5 | J11: =AVERAGEIFS('Cleaned Ocean Waste Data'!$L$2:$L$128,'Cleaned Ocean Waste Data'!$A$2:$A$128,">="&$A11,'Cleaned Ocean Waste Data'!$A$2:$A$128,"<"&($A11+10)) -> 9.8659769 | K11: =IF(H10=0,0,(H11-H10)/H10*100) -> 39.982031
A12: 1980 | B12: =COUNTIFS('Cleaned Ocean Waste Data'!$A$2:$A$128,">="&$A12,'Cleaned Ocean Waste Data'!$A$2:$A$128,"<"&($A12+10)) -> 10 | C12: =AVERAGEIFS('Cleaned Ocean Waste Data'!$B$2:$B$128,'Cleaned Ocean Waste Data'!$A$2:$A$128,">="&$A12,'Cleaned Ocean Waste Data'!$A$2:$A$128,"<"&($A12+10)) -> 2.1 | D12: =AVERAGEIFS('Cleaned Ocean Waste Data'!$C$2:$C$128,'Cleaned Ocean Waste Data'!$A$2:$A$128,">="&$A12,'Cleaned Ocean Waste Data'!$A$2:$A$128,"<"&($A12+10)) -> 0.178 | E12: =AVERAGEIFS('Cleaned Ocean Waste Data'!$D$2:$D$128,'Cleaned Ocean Waste Data'!$A$2:$A$128,">="&$A12,'Cleaned Ocean Waste Data'!$A$2:$A$128,"<"&($A12+10)) -> 1.025 | F12: =AVERAGEIFS('Cleaned Ocean Waste Data'!$E$2:$E$128,'Cleaned Ocean Waste Data'!$A$2:$A$128,">="&$A12,'Cleaned Ocean Waste Data'!$A$2:$A$128,"<"&($A12+10)) -> 0.425 | G12: =AVERAGEIFS('Cleaned Ocean Waste Data'!$F$2:$F$128,'Cleaned Ocean Waste Data'!$A$2:$A$128,">="&$A12,'Cleaned Ocean Waste Data'!$A$2:$A$128,"<"&($A12+10)) -> 0.115 | H12: =AVERAGEIFS('Cleaned Ocean Waste Data'!$G$2:$G$128,'Cleaned Ocean Waste Data'!$A$2:$A$128,">="&$A12,'Cleaned Ocean Waste Data'!$A$2:$A$128,"<"&($A12+10)) -> 2.878 | I12: =AVERAGEIFS('Cleaned Ocean Waste Data'!$H$2:$H$128,'Cleaned Ocean Waste Data'!$A$2:$A$128,">="&$A12,'Cleaned Ocean Waste Data'!$A$2:$A$128,"<"&($A12+10)) -> 12.9 | J12: =AVERAGEIFS('Cleaned Ocean Waste Data'!$L$2:$L$128,'Cleaned Ocean Waste Data'!$A$2:$A$128,">="&$A12,'Cleaned Ocean Waste Data'!$A$2:$A$128,"<"&($A12+10)) -> 12.517861 | K12: =IF(H11=0,0,(H12-H11)/H11*100) -> 84.724005
A13: 1990 | B13: =COUNTIFS('Cleaned Ocean Waste Data'!$A$2:$A$128,">="&$A13,'Cleaned Ocean Waste Data'!$A$2:$A$128,"<"&($A13+10)) -> 10 | C13: =AVERAGEIFS('Cleaned Ocean Waste Data'!$B$2:$B$128,'Cleaned Ocean Waste Data'!$A$2:$A$128,">="&$A13,'Cleaned Ocean Waste Data'!$A$2:$A$128,"<"&($A13+10)) -> 4.1 | D13: =AVERAGEIFS('Cleaned Ocean Waste Data'!$C$2:$C$128,'Cleaned Ocean Waste Data'!$A$2:$A$128,">="&$A13,'Cleaned Ocean Waste Data'!$A$2:$A$128,"<"&($A13+10)) -> 0.355 | E13: =AVERAGEIFS('Cleaned Ocean Waste Data'!$D$2:$D$128,'Cleaned Ocean Waste Data'!$A$2:$A$128,">="&$A13,'Cleaned Ocean Waste Data'!$A$2:$A$128,"<"&($A13+10)) -> 1.525 | F13: =AVERAGEIFS('Cleaned Ocean Waste Data'!$E$2:$E$128,'Cleaned Ocean Waste Data'!$A$2:$A$128,">="&$A13,'Cleaned Ocean Waste Data'!$A$2:$A$128,"<"&($A13+10)) -> 0.925 | G13: =AVERAGEIFS('Cleaned Ocean Waste Data'!$F$2:$F$128,'Cleaned Ocean Waste Data'!$A$2:$A$128,">="&$A13,'Cleaned Ocean Waste Data'!$A$2:$A$128,"<"&($A13+10)) -> 0.265 | H13: =AVERAGEIFS('Cleaned Ocean Waste Data'!$G$2:$G$128,'Cleaned Ocean Waste Data'!$A$2:$A$128,">="&$A13,'Cleaned Ocean Waste Data'!$A$2:$A$128,"<"&($A13+10)) -> 5.055 | I13: =AVERAGEIFS('Cleaned Ocean Waste Data'!$H$2:$H$128,'Cleaned Ocean Waste Data'!$A$2:$A$128,">="&$A13,'Cleaned Ocean Waste Data'!$A$2:$A$128,"<"&($A13+10)) -> 19.1 | J13: =AVERAGEIFS('Cleaned Ocean Waste Data'!$L$2:$L$128,'Cleaned Ocean Waste Data'!$A$2:$A$128,">="&$A13,'Cleaned Ocean Waste Data'!$A$2:$A$128,"<"&($A13+10)) -> 15.413321 | K13: =IF(H12=0,0,(H13-H12)/H12*100) -> 75.642808
A14: 2000 | B14: =COUNTIFS('Cleaned Ocean Waste Data'!$A$2:$A$128,">="&$A14,'Cleaned Ocean Waste Data'!$A$2:$A$128,"<"&($A14+10)) -> 10 | C14: =AVERAGEIFS('Cleaned Ocean Waste Data'!$B$2:$B$128,'Cleaned Ocean Waste Data'!$A$2:$A$128,">="&$A14,'Cleaned Ocean Waste Data'!$A$2:$A$128,"<"&($A14+10)) -> 6.41 | D14: =AVERAGEIFS('Cleaned Ocean Waste Data'!$C$2:$C$128,'Cleaned Ocean Waste Data'!$A$2:$A$128,">="&$A14,'Cleaned Ocean Waste Data'!$A$2:$A$128,"<"&($A14+10)) -> 0.542 | E14: =AVERAGEIFS('Cleaned Ocean Waste Data'!$D$2:$D$128,'Cleaned Ocean Waste Data'!$A$2:$A$128,">="&$A14,'Cleaned Ocean Waste Data'!$A$2:$A$128,"<"&($A14+10)) -> 2.025 | F14: =AVERAGEIFS('Cleaned Ocean Waste Data'!$E$2:$E$128,'Cleaned Ocean Waste Data'!$A$2:$A$128,">="&$A14,'Cleaned Ocean Waste Data'!$A$2:$A$128,"<"&($A14+10)) -> 1.466 | G14: =AVERAGEIFS('Cleaned Ocean Waste Data'!$F$2:$F$128,'Cleaned Ocean Waste Data'!$A$2:$A$128,">="&$A14,'Cleaned Ocean Waste Data'!$A$2:$A$128,"<"&($A14+10)) -> 0.487 | H14: =AVERAGEIFS('Cleaned Ocean Waste Data'!$G$2:$G$128,'Cleaned Ocean Waste Data'!$A$2:$A$128,">="&$A14,'Cleaned Ocean Waste Data'!$A$2:$A$128,"<"&($A14+10)) -> 7.511 | I14: =AVERAGEIFS('Cleaned Ocean Waste Data'!$H$2:$H$128,'Cleaned Ocean Waste Data'!$A$2:$A$128,">="&$A14,'Cleaned Ocean Waste Data'!$A$2:$A$128,"<"&($A14+10)) -> 25.7 | J14: =AVERAGEIFS('Cleaned Ocean Waste Data'!$L$2:$L$128,'Cleaned Ocean Waste Data'!$A$2:$A$128,">="&$A14,'Cleaned Ocean Waste Data'!$A$2:$A$128,"<"&($A14+10)) -> 16.313411 | K14: =IF(H13=0,0,(H14-H13)/H13*100) -> 48.585559
A15: 2010 | B15: =COUNTIFS('Cleaned Ocean Waste Data'!$A$2:$A$128,">="&$A15,'Cleaned Ocean Waste Data'!$A$2:$A$128,"<"&($A15+10)) -> 10 | C15: =AVERAGEIFS('Cleaned Ocean Waste Data'!$B$2:$B$128,'Cleaned Ocean Waste Data'!$A$2:$A$128,">="&$A15,'Cleaned Ocean Waste Data'!$A$2:$A$128,"<"&($A15+10)) -> 10.21 | D15: =AVERAGEIFS('Cleaned Ocean Waste Data'!$C$2:$C$128,'Cleaned Ocean Waste Data'!$A$2:$A$128,">="&$A15,'Cleaned Ocean Waste Data'!$A$2:$A$128,"<"&($A15+10)) -> 0.808 | E15: =AVERAGEIFS('Cleaned Ocean Waste Data'!$D$2:$D$128,'Cleaned Ocean Waste Data'!$A$2:$A$128,">="&$A15,'Cleaned Ocean Waste Data'!$A$2:$A$128,"<"&($A15+10)) -> 2.525 | F15: =AVERAGEIFS('Cleaned Ocean Waste Data'!$E$2:$E$128,'Cleaned Ocean Waste Data'!$A$2:$A$128,">="&$A15,'Cleaned Ocean Waste Data'!$A$2:$A$128,"<"&($A15+10)) -> 2.297 | G15: =AVERAGEIFS('Cleaned Ocean Waste Data'!$F$2:$F$128,'Cleaned Ocean Waste Data'!$A$2:$A$128,">="&$A15,'Cleaned Ocean Waste Data'!$A$2:$A$128,"<"&($A15+10)) -> 0.906 | H15: =AVERAGEIFS('Cleaned Ocean Waste Data'!$G$2:$G$128,'Cleaned Ocean Waste Data'!$A$2:$A$128,">="&$A15,'Cleaned Ocean Waste Data'!$A$2:$A$128,"<"&($A15+10)) -> 11.246 | I15: =AVERAGEIFS('Cleaned Ocean Waste Data'!$H$2:$H$128,'Cleaned Ocean Waste Data'!$A$2:$A$128,">="&$A15,'Cleaned Ocean Waste Data'!$A$2:$A$128,"<"&($A15+10)) -> 32.4 | J15: =AVERAGEIFS('Cleaned Ocean Waste Data'!$L$2:$L$128,'Cleaned Ocean Waste Data'!$A$2:$A$128,">="&$A15,'Cleaned Ocean Waste Data'!$A$2:$A$128,"<"&($A15+10)) -> 16.939044 | K15: =IF(H14=0,0,(H15-H14)/H14*100) -> 49.727067
A16: 2020 | B16: =COUNTIFS('Cleaned Ocean Waste Data'!$A$2:$A$128,">="&$A16,'Cleaned Ocean Waste Data'!$A$2:$A$128,"<"&($A16+10)) -> 7 | C16: =AVERAGEIFS('Cleaned Ocean Waste Data'!$B$2:$B$128,'Cleaned Ocean Waste Data'!$A$2:$A$128,">="&$A16,'Cleaned Ocean Waste Data'!$A$2:$A$128,"<"&($A16+10)) -> 14.471429 | D16: =AVERAGEIFS('Cleaned Ocean Waste Data'!$C$2:$C$128,'Cleaned Ocean Waste Data'!$A$2:$A$128,">="&$A16,'Cleaned Ocean Waste Data'!$A$2:$A$128,"<"&($A16+10)) -> 1.0328571 | E16: =AVERAGEIFS('Cleaned Ocean Waste Data'!$D$2:$D$128,'Cleaned Ocean Waste Data'!$A$2:$A$128,">="&$A16,'Cleaned Ocean Waste Data'!$A$2:$A$128,"<"&($A16+10)) -> 2.95 | F16: =AVERAGEIFS('Cleaned Ocean Waste Data'!$E$2:$E$128,'Cleaned Ocean Waste Data'!$A$2:$A$128,">="&$A16,'Cleaned Ocean Waste Data'!$A$2:$A$128,"<"&($A16+10)) -> 3.1914286 | G16: =AVERAGEIFS('Cleaned Ocean Waste Data'!$F$2:$F$128,'Cleaned Ocean Waste Data'!$A$2:$A$128,">="&$A16,'Cleaned Ocean Waste Data'!$A$2:$A$128,"<"&($A16+10)) -> 1.3028571 | H16: =AVERAGEIFS('Cleaned Ocean Waste Data'!$G$2:$G$128,'Cleaned Ocean Waste Data'!$A$2:$A$128,">="&$A16,'Cleaned Ocean Waste Data'!$A$2:$A$128,"<"&($A16+10)) -> 15.958571 | I16: =AVERAGEIFS('Cleaned Ocean Waste Data'!$H$2:$H$128,'Cleaned Ocean Waste Data'!$A$2:$A$128,">="&$A16,'Cleaned Ocean Waste Data'!$A$2:$A$128,"<"&($A16+10)) -> 37.285714 | J16: =AVERAGEIFS('Cleaned Ocean Waste Data'!$L$2:$L$128,'Cleaned Ocean Waste Data'!$A$2:$A$128,">="&$A16,'Cleaned Ocean Waste Data'!$A$2:$A$128,"<"&($A16+10)) -> 17.29229 | K16: =IF(H15=0,0,(H16-H15)/H15*100) -> 41.904423
A18: Note: the 2020s decade contains only 7 years of data (2020-2026), so its average is not directly comparable to full decades.

Sheet Key Findings
A1: Key Findings
A3: Metric | B3: Value | C3: Comment
A4: Ocean waste, 1900 (MT) | B4: ='Cleaned Ocean Waste Data'!G2 -> 0.11 | C4: Starting point of the series
A5: Ocean waste, 2026 (MT) | B5: ='Cleaned Ocean Waste Data'!G128 -> 16.67 | C5: Latest year
A6: Peak ocean waste (MT) | B6: ='Summary Statistics'!F9 -> 17.64 | C6: Highest value in series
A7: Peak year | B7: ='Summary Statistics'!G9 -> 2025 | C7: 2026 dips below the 2025 peak - see data-quality note
A8: Plastic waste, 1950 (MT) | B8: ='Cleaned Ocean Waste Data'!B52 -> 0.01 | C8: Plastic effectively absent before 1950
A9: Plastic waste, 2026 (MT) | B9: ='Cleaned Ocean Waste Data'!B128 -> 16 | C9: Largest contributor to ocean waste
A10: Plastic share of generated waste, 2026 (%) | B10: ='Cleaned Ocean Waste Data'!O128 -> 79.129575 | C10: Share of total waste generated
A11: Collection rate, 2026 (%) | B11: ='Cleaned Ocean Waste Data'!L128 -> 17.556874 | C11: Waste collected / waste generated
A12: Recycling rate, 2026 (% of collected) | B12: ='Cleaned Ocean Waste Data'!M128 -> 41.408451 | C12: Waste recycled / waste collected
A13: Mgmt efficiency, 1900 -> 2026 (%) | B13: ='Cleaned Ocean Waste Data'!H2&" -> "&'Cleaned Ocean Waste Data'!H128 -> 1 -> 40 | C13: Management improving steadily
A14: Correlation: Plastic vs Ocean Waste | B14: ='Summary Statistics'!I4 -> 0.99881504 | C14: Near-perfect: plastic drives the ocean waste trend
A15: Correlation: Mgmt Efficiency vs Ocean Waste | B15: ='Summary Statistics'!I10 -> 0.97784979 | C15: Efficiency has risen alongside waste, not offset it
A16: Years with reporting gap > 0.5 MT | B16: =COUNTIF('Cleaned Ocean Waste Data'!K2:K128,">0.5")+COUNTIF('Cleaned Ocean Waste Data'!K2:K128,"<-0.5") -> 4 | C16: 2022-2025: reported ocean waste higher than generated minus collected
A18: Analysis Summary
A19: 1. Ocean waste grew about 160x, from 0.11 MT (1900) to about 17 MT (2025), accelerating sharply after 1960 as plastic waste entered the data.
A20: 2. Plastic is the dominant driver: it rose from ~0 before 1950 to 16 MT by 2026 and correlates ~1.00 with ocean waste. Fishing waste (peak 1.12 MT) and other waste (peak 3.10 MT) are secondary.
A21: 3. Management is improving but not keeping pace: efficiency rose from 1% to 40%, and collection from 0 to 3.55 MT, yet ocean waste still climbed over the same period.
A22: 4. Recycling remains small: only ~41% of collected waste (1.47 of 3.55 MT in 2026) is recycled, and ~18% of all waste generated is collected.
A23: 5. Growth phases: slow growth to 1950; rapid growth 1960-2000 (plastic boom); steady near-linear growth since 2000 (~0.45 MT/year added to ocean waste).
A24: Data-quality notes
A25: 6. In 2022-2025 reported Ocean Waste exceeds (Plastic + Fishing + Other - Collected) by 1.0-1.4 MT; every other year matches within 0.02 MT. Check whether these values were adjusted or mis-entered.
A26: 7. 2026 ocean waste (16.67) drops below 2025 (17.64) and matches the formula exactly, so the 2022-2025 values and 2026 follow different logic. 2026 may be a projection.
A27: 8. Data has no missing values or duplicate years (1900-2026, 127 consecutive rows). Management Efficiency is a rising index and does not equal Collected / Generated (see Collection Rate column).
A28: Derived columns I-P on the data sheet are formulas; the original columns A-H are unchanged.
